<?xml version="1.0" encoding="UTF-8"?>
<sltp_editor version="1.1" packageUris="http://schema.mathworks.com/mf0/DiagramEditor/R2019a_20181107 http://schema.mathworks.com/mf0/SltpSyntax/R2022a_202109161050">
  <sltp.mm.syntax.Context type="sltp.mm.syntax.Context" uuid="f1bbc8a1-3ad2-4077-9235-32278ef6060b">
    <rootGraph type="sltp.mm.syntax.Graph" uuid="a71b13ba-ccb6-4844-af8b-ea0278ad1b5d">
      <children type="sltp.mm.syntax.Node" uuid="ea5de8e4-f6cb-4ba0-a300-cb9cf8575e82">
        <priority>40</priority>
        <rates type="sltp.mm.syntax.RateData">
          <color>#e60000</color>
          <hasBlocks>true</hasBlocks>
          <rate>0.001</rate>
          <title>D1</title>
        </rates>
        <title>D1</title>
        <type>implicit-periodic</type>
        <diagramElement type="diagram.editor.model.Entity" uuid="07e468c5-3c63-4e31-acec-a06fc41a0b52"/>
        <subgraph type="sltp.mm.syntax.Graph" uuid="e717d532-f404-4b0e-b732-7a90cf4561e2">
          <title>D1</title>
          <diagramElement type="diagram.editor.model.Diagram" uuid="50bb2616-125d-42a7-b209-fd2891887e35"/>
        </subgraph>
      </children>
      <title>Default</title>
      <diagramElement type="diagram.editor.model.Diagram" uuid="d6ef6f64-3a44-4007-aa09-7a2f74268107"/>
    </rootGraph>
  </sltp.mm.syntax.Context>
  <diagram.editor.model.Diagram type="diagram.editor.model.Diagram" uuid="d6ef6f64-3a44-4007-aa09-7a2f74268107">
    <entities type="diagram.editor.model.Entity" uuid="07e468c5-3c63-4e31-acec-a06fc41a0b52">
      <position>0,0</position>
      <size>0,0,0,0</size>
      <syntaxElement type="sltp.mm.syntax.Node" uuid="ea5de8e4-f6cb-4ba0-a300-cb9cf8575e82"/>
      <title>D1</title>
      <type>implicit-periodic</type>
      <subDiagram type="diagram.editor.model.Diagram" uuid="50bb2616-125d-42a7-b209-fd2891887e35">
        <position>0,0</position>
        <syntaxElement type="sltp.mm.syntax.Graph" uuid="e717d532-f404-4b0e-b732-7a90cf4561e2"/>
        <title>D1</title>
        <type>graph.Graph</type>
      </subDiagram>
    </entities>
    <syntaxElement type="sltp.mm.syntax.Graph" uuid="a71b13ba-ccb6-4844-af8b-ea0278ad1b5d"/>
    <title>Default</title>
    <type>graph.Graph</type>
  </diagram.editor.model.Diagram>
</sltp_editor>