<?xml version="1.0" encoding="UTF-8"?>
<sltp_graph version="1.1" packageUris="http://schema.mathworks.com/mf0/sltp_mm/R2021b_202106150630">
  <sltp.mm.core.Context type="sltp.mm.core.Context" uuid="e6275bd3-486f-49cd-a491-accfc07d4c59">
    <priorityDirection>HighNumberLast</priorityDirection>
    <editorState type="sltp.mm.core.EditorState" uuid="cd5b5fb8-674e-43ba-a729-ac2f21e8a07a">
      <isSynchronized>true</isSynchronized>
      <panelState type="sltp.mm.core.EditorPanelState" uuid="087ee299-35f7-41ee-9fb4-d8d0c6d7323e"/>
    </editorState>
    <rootTask type="sltp.mm.core.Task" uuid="30e20b6c-823f-423e-ae29-6baca9cd02ee">
      <context type="sltp.mm.core.Context" uuid="e6275bd3-486f-49cd-a491-accfc07d4c59"/>
      <explicit>false</explicit>
      <name>Default</name>
      <priority>-2147483648</priority>
      <subgraph type="sltp.mm.core.Graph" uuid="5d81815c-42ac-4ba0-a8ca-8969eb9108f9">
        <tasks type="sltp.mm.core.Task" uuid="d2d4a4e9-0640-456f-8eab-5394aec14249">
          <context type="sltp.mm.core.Context" uuid="e6275bd3-486f-49cd-a491-accfc07d4c59"/>
          <explicit>false</explicit>
          <id>1</id>
          <isTimed>true</isTimed>
          <name>D1</name>
          <priority>40</priority>
          <rates type="sltp.mm.core.Rate" uuid="49475bf8-0a90-42be-a436-0398f21bd0e0">
            <annotation>D1</annotation>
            <color>-436207361</color>
            <hasBlocks>true</hasBlocks>
            <identifier>ClassicPeriodicDiscrete0.0010</identifier>
            <rateSpec type="sltp.mm.core.RateSpec">
              <period>.001</period>
            </rateSpec>
            <sti>0</sti>
          </rates>
        </tasks>
      </subgraph>
    </rootTask>
  </sltp.mm.core.Context>
</sltp_graph>