<?xml version="1.0" encoding="utf-8"?>
<System>
  <P Name="Location">[-8, -8, 1374, 728]</P>
  <P Name="SystemRect">[0.000000, 0.000000, 0.000000, 0.000000]</P>
  <P Name="Open">on</P>
  <P Name="SetExecutionDomain">off</P>
  <P Name="ExecutionDomainType">Deduce</P>
  <P Name="ZoomFactor">60</P>
  <P Name="ReportName">simulink-default.rpt</P>
  <P Name="SIDHighWatermark">207</P>
  <P Name="SimulinkSubDomain">Simulink</P>
  <Block BlockType="Constant" Name="Constant1" SID="202">
    <P Name="Position">[325, 665, 355, 695]</P>
    <P Name="ZOrder">5121</P>
    <P Name="ForegroundColor">red</P>
    <P Name="Value">2.388</P>
  </Block>
  <Block BlockType="Display" Name="Display" SID="144">
    <P Name="Ports">[1]</P>
    <P Name="Position">[555, 385, 645, 415]</P>
    <P Name="ZOrder">5009</P>
    <P Name="Decimation">1</P>
  </Block>
  <Block BlockType="Display" Name="Display1" SID="207">
    <P Name="Ports">[1]</P>
    <P Name="Position">[330, 545, 420, 575]</P>
    <P Name="ZOrder">5123</P>
    <P Name="Decimation">1</P>
  </Block>
  <Block BlockType="Display" Name="Display2" SID="146">
    <P Name="Ports">[1]</P>
    <P Name="Position">[560, 605, 650, 635]</P>
    <P Name="ZOrder">5021</P>
    <P Name="Decimation">1</P>
  </Block>
  <Block BlockType="Gain" Name="Gain1" SID="203">
    <P Name="Position">[210, 594, 280, 646]</P>
    <P Name="ZOrder">5119</P>
    <P Name="Gain">3.3/4095</P>
  </Block>
  <Block BlockType="Gain" Name="Gain2" SID="204">
    <P Name="Position">[445, 599, 515, 641]</P>
    <P Name="ZOrder">5122</P>
    <P Name="Gain">1/66e-3</P>
  </Block>
  <Block BlockType="Gain" Name="Gain6" SID="154">
    <P Name="Position">[745, 465, 815, 535]</P>
    <P Name="ZOrder">5026</P>
    <P Name="Gain">100</P>
  </Block>
  <Block BlockType="Gain" Name="Gain8" SID="200">
    <P Name="Position">[235, 374, 310, 426]</P>
    <P Name="ZOrder">5117</P>
    <P Name="Gain">120/4095</P>
  </Block>
  <Block BlockType="Reference" Name="INPUT CURRENT SENSE" SID="205">
    <P Name="Ports">[0, 1]</P>
    <P Name="Position">[55, 590, 165, 650]</P>
    <P Name="ZOrder">5118</P>
    <P Name="LibraryVersion">4.9</P>
    <P Name="UserDataPersistent">on</P>
    <P Name="SourceBlock">c2802xlib/ADC</P>
    <P Name="SourceType">ADC Type 3-5</P>
    <P Name="SourceProductBaseCode">TIC2000</P>
    <InstanceData>
      <P Name="MultithreadedSim">auto</P>
      <P Name="blkParamProc">C2000</P>
      <P Name="ADCModule">1</P>
      <P Name="samplingMode">Single sample mode</P>
      <P Name="ADCResolution">12-bit (Single-ended input)</P>
      <P Name="useSOC1">SOC2</P>
      <P Name="useSOC2">SOC0_SOC1</P>
      <P Name="SOCAcquisitionWindow">7</P>
      <P Name="SOCTriggerSource">Software</P>
      <P Name="SOCInterruptTrigger">No ADCINT</P>
      <P Name="Ts">1e-3</P>
      <P Name="dType">double</P>
      <P Name="postInterrupt">off</P>
      <P Name="interruptSel">ADCINT1</P>
      <P Name="ADCINTContinuous">on</P>
      <P Name="endma">off</P>
      <P Name="chdma">1</P>
      <P Name="conv1">ADCINB1</P>
      <P Name="conv2">ADCINA0 and ADCINB0</P>
      <P Name="conv1_Type4">ADCIN0</P>
      <P Name="conv2_Type4">ADCIN0 and ADCIN1</P>
    </InstanceData>
  </Block>
  <Block BlockType="Reference" Name="INPUT VOLTAGE SENSE" SID="201">
    <P Name="Ports">[0, 1]</P>
    <P Name="Position">[55, 370, 165, 430]</P>
    <P Name="ZOrder">5116</P>
    <P Name="LibraryVersion">4.9</P>
    <P Name="UserDataPersistent">on</P>
    <P Name="SourceBlock">c2802xlib/ADC</P>
    <P Name="SourceType">ADC Type 3-5</P>
    <P Name="SourceProductBaseCode">TIC2000</P>
    <InstanceData>
      <P Name="MultithreadedSim">auto</P>
      <P Name="blkParamProc">C2000</P>
      <P Name="ADCModule">1</P>
      <P Name="samplingMode">Single sample mode</P>
      <P Name="ADCResolution">12-bit (Single-ended input)</P>
      <P Name="useSOC1">SOC1</P>
      <P Name="useSOC2">SOC0_SOC1</P>
      <P Name="SOCAcquisitionWindow">7</P>
      <P Name="SOCTriggerSource">Software</P>
      <P Name="SOCInterruptTrigger">No ADCINT</P>
      <P Name="Ts">1e-3</P>
      <P Name="dType">double</P>
      <P Name="postInterrupt">off</P>
      <P Name="interruptSel">ADCINT1</P>
      <P Name="ADCINTContinuous">on</P>
      <P Name="endma">off</P>
      <P Name="chdma">1</P>
      <P Name="conv1">ADCINB2</P>
      <P Name="conv2">ADCINA0 and ADCINB0</P>
      <P Name="conv1_Type4">ADCIN0</P>
      <P Name="conv2_Type4">ADCIN0 and ADCIN1</P>
    </InstanceData>
  </Block>
  <Block BlockType="SubSystem" Name="MPPT&#xA;1" SID="157">
    <P Name="Ports">[2, 1]</P>
    <P Name="Position">[580, 459, 645, 541]</P>
    <P Name="ZOrder">5027</P>
    <P Name="RequestExecContextInheritance">off</P>
    <System Ref="system_157"/>
  </Block>
  <Block BlockType="Saturate" Name="Saturation1" SID="168">
    <P Name="Position">[685, 485, 715, 515]</P>
    <P Name="ZOrder">5028</P>
    <P Name="UpperLimit">0.9</P>
    <P Name="LowerLimit">0.1</P>
  </Block>
  <Block BlockType="Sum" Name="Sum2" SID="206">
    <P Name="Ports">[2, 1]</P>
    <P Name="Position">[365, 610, 385, 630]</P>
    <P Name="ZOrder">5120</P>
    <P Name="Inputs">|+-</P>
  </Block>
  <Block BlockType="Reference" Name="ePWM2" SID="199">
    <P Name="Ports">[1]</P>
    <P Name="Position">[845, 470, 955, 530]</P>
    <P Name="ZOrder">5115</P>
    <P Name="LibraryVersion">4.9</P>
    <P Name="UserDataPersistent">on</P>
    <P Name="SourceBlock">c2802xlib/ePWM</P>
    <P Name="SourceType">ePWM Type 1-4</P>
    <P Name="SourceProductBaseCode">TIC2000</P>
    <InstanceData>
      <P Name="MultithreadedSim">auto</P>
      <P Name="PwmType">C2000</P>
      <P Name="useModule">ePWM1</P>
      <P Name="ePWMxLINKTBPRD">Not Linked</P>
      <P Name="periodUnits">Seconds</P>
      <P Name="timerSource">Specify via dialog</P>
      <P Name="timerPeriod_clk">64000</P>
      <P Name="timerPeriod_sec">1/40e3</P>
      <P Name="tbshadow">Counter equals to zero</P>
      <P Name="countingMode">Up-Down</P>
      <P Name="phaseActiveEnable">Disable</P>
      <P Name="phaseDirection">Count down after sync</P>
      <P Name="phaseActive">0</P>
      <P Name="synchronizationEnable">off</P>
      <P Name="dcaevt1Sync">off</P>
      <P Name="dcbevt1Sync">off</P>
      <P Name="synchronizationOption">Disable</P>
      <P Name="perSynchronizationOption">Counter equals to period (CTR=PRD)</P>
      <P Name="clockPrescale">1</P>
      <P Name="HSclockPrescale">1</P>
      <P Name="enswap">off</P>
      <P Name="ePWMxAStatus">on</P>
      <P Name="ePWMxAactionLogic1">Do nothing</P>
      <P Name="ePWMxAactionLogic2">Do nothing</P>
      <P Name="ePWMxAactionLogic3">Set</P>
      <P Name="ePWMxAactionLogic4">Clear</P>
      <P Name="ePWMxAactionLogic5">Do nothing</P>
      <P Name="ePWMxAactionLogic6">Do nothing</P>
      <P Name="ePWMxACSFenable">off</P>
      <P Name="ePWMxACSFvalue">Forcing disable</P>
      <P Name="ePWMxASFreload">Zero</P>
      <P Name="ePWMxBStatus">on</P>
      <P Name="ePWMxBactionLogic1">Do nothing</P>
      <P Name="ePWMxBactionLogic2">Do nothing</P>
      <P Name="ePWMxBactionLogic3">Clear</P>
      <P Name="ePWMxBactionLogic4">Set</P>
      <P Name="ePWMxBactionLogic5">Do nothing</P>
      <P Name="ePWMxBactionLogic6">Do nothing</P>
      <P Name="ePWMxBCSFenable">off</P>
      <P Name="ePWMxBCSFvalue">Forcing disable</P>
      <P Name="ePWMxBSFreload">Zero</P>
      <P Name="ePWNxBOutWay">off</P>
      <P Name="ePWMxLINKCMPA">Not Linked</P>
      <P Name="CMPAUnits">Percentages</P>
      <P Name="CMPASource">Input port</P>
      <P Name="CMPAValue_per">50</P>
      <P Name="CMPAValue_clk">50</P>
      <P Name="enCMPAshadow">Counter equals to zero (CTR=Zero)</P>
      <P Name="ePWMxLINKCMPB">Not Linked</P>
      <P Name="CMPBUnits">Clock cycles</P>
      <P Name="CMPBSource">Specify via dialog</P>
      <P Name="CMPBValue_per">50</P>
      <P Name="CMPBValue_clk">32000</P>
      <P Name="enCMPBshadow">Counter equals to zero (CTR=Zero)</P>
      <P Name="ePWMxLINKCMPC">Not Linked</P>
      <P Name="CMPCUnits">Clock cycles</P>
      <P Name="CMPCSource">Specify via dialog</P>
      <P Name="CMPCValue_per">50</P>
      <P Name="CMPCValue_clk">32000</P>
      <P Name="enCMPCshadow">Counter equals to zero (CTR=Zero)</P>
      <P Name="ePWMxLINKCMPD">Not Linked</P>
      <P Name="CMPDUnits">Clock cycles</P>
      <P Name="CMPDSource">Specify via dialog</P>
      <P Name="CMPDValue_per">50</P>
      <P Name="CMPDValue_clk">32000</P>
      <P Name="enCMPDshadow">Counter equals to zero (CTR=Zero)</P>
      <P Name="enableDBePWMxA">on</P>
      <P Name="enableDBePWMxB">on</P>
      <P Name="enhalfcycle">off</P>
      <P Name="DBpolarity">Active high complementary (AHC)</P>
      <P Name="DBedgeDelay">Positive</P>
      <P Name="DBSource_ePWMxA">ePWMxA</P>
      <P Name="DBSource_ePWMxB">ePWMxA</P>
      <P Name="DBPeriodUnits">Clock cycles</P>
      <P Name="DBperiodSource">Specify via dialog</P>
      <P Name="REDperiod">100</P>
      <P Name="FEDperiod">100</P>
      <P Name="REDperiod_sec">0</P>
      <P Name="FEDperiod_sec">0</P>
      <P Name="LoadModeDBRED">Immediate without using shadow</P>
      <P Name="LoadModeDBFED">Immediate without using shadow</P>
      <P Name="adcstartModuleA">off</P>
      <P Name="adcrequestEventA">First event</P>
      <P Name="adcstartEventA">Counter equals to zero (CTR=Zero)</P>
      <P Name="adcstartEventA_type2">Digital Compare Module A Event 1 start of conversion (DCAEVT1.soc)</P>
      <P Name="adcstartModuleB">off</P>
      <P Name="adcrequestEventB">First event</P>
      <P Name="adcstartEventB">Counter equals to zero (CTR=Zero)</P>
      <P Name="adcstartEventB_type2">Counter equals to zero (CTR=Zero)</P>
      <P Name="intEn">off</P>
      <P Name="intPrd">First event</P>
      <P Name="intSel">Counter equals to zero (CTR=Zero)</P>
      <P Name="intSel_type2">Counter equals to zero (CTR=Zero)</P>
      <P Name="hrpe">off</P>
      <P Name="enHRPWM">off</P>
      <P Name="HRPWM_LoadMode">Counter equals to period (CTR=PRD)</P>
      <P Name="HRPWM_CTLMode">Duty or Period control mode</P>
      <P Name="HRPWM_EDGMode">Both edge</P>
      <P Name="hrpeb">off</P>
      <P Name="enHRPWMB">off</P>
      <P Name="HRPWM_LoadModeB">Counter equals to zero (CTR=ZERO)</P>
      <P Name="HRPWM_CTLModeB">Duty or Period control mode</P>
      <P Name="HRPWM_EDGModeB">Both edge</P>
      <P Name="enHRDBRED">off</P>
      <P Name="enHRDBFED">off</P>
      <P Name="enSFO">on</P>
      <P Name="enautoconv">on</P>
      <P Name="chopperEnable">off</P>
      <P Name="chopperFrequency">1</P>
      <P Name="chopperFirstwidth">1</P>
      <P Name="chopperDuty">12.5%</P>
      <P Name="tripZonesource">Specify via dialog</P>
      <P Name="tzselOSHT1">off</P>
      <P Name="tzselOSHT2">off</P>
      <P Name="tzselOSHT3">off</P>
      <P Name="tzselOSHDCAEV1">off</P>
      <P Name="tzselOSHDCBEV1">off</P>
      <P Name="tzselCBC1">off</P>
      <P Name="tzselCBC2">off</P>
      <P Name="tzselCBC3">off</P>
      <P Name="tzselCBCDCAEV2">on</P>
      <P Name="tzselCBCDCBEV2">on</P>
      <P Name="tzselOSHT4">off</P>
      <P Name="tzselOSHT5">off</P>
      <P Name="tzselOSHT6">off</P>
      <P Name="tzselCBC4">off</P>
      <P Name="tzselCBC5">off</P>
      <P Name="tzselCBC6">off</P>
      <P Name="enTzOstIntr">off</P>
      <P Name="enTzCbcIntr">off</P>
      <P Name="enTzDCAEVT1Intr">off</P>
      <P Name="enTzDCAEVT2Intr">off</P>
      <P Name="enTzDCBEVT1Intr">off</P>
      <P Name="enTzDCBEVT2Intr">off</P>
      <P Name="ePWMxAforced">No action</P>
      <P Name="ePWMxBforced">No action</P>
      <P Name="DCAEVT1forced">High</P>
      <P Name="DCBEVT1forced">High</P>
      <P Name="DCAEVT2forced">Low</P>
      <P Name="DCBEVT2forced">Low</P>
      <P Name="dcah">Trip Zone 1 input (TZ1)</P>
      <P Name="dcal">Trip Zone 1 input (TZ1)</P>
      <P Name="dcbh">Trip Zone 1 input (TZ1)</P>
      <P Name="dcbl">Trip Zone 1 input (TZ1)</P>
      <P Name="dcah_type2">GPTRIP1SEL/(TZ1)</P>
      <P Name="dcal_type2">GPTRIP2SEL/(TZ2)</P>
      <P Name="dcbh_type2">GPTRIP1SEL/(TZ1)</P>
      <P Name="dcbl_type2">GPTRIP2SEL/(TZ2)</P>
      <P Name="gendcaevt1">Event disabled</P>
      <P Name="gendcaevt2">Event disabled</P>
      <P Name="gendcbevt1">Event disabled</P>
      <P Name="gendcbevt2">Event disabled</P>
      <P Name="dcaevt1src">DCAEVT1 with sync</P>
      <P Name="dcaevt2src">DCAEVT2 with sync</P>
      <P Name="dcbevt1src">DCBEVT1 with sync</P>
      <P Name="dcbevt2src">DCBEVT2 with sync</P>
      <P Name="pulsesel">Counter equals to zero (CTR=Zero)</P>
      <P Name="blankinv">off</P>
      <P Name="blankoffset">0</P>
      <P Name="blankwidth">0</P>
      <P Name="evsrcsel">Filtered version of DCAEVT1 (DCAEVT1FILT)</P>
      <P Name="encape">off</P>
    </InstanceData>
  </Block>
  <Line>
    <P Name="ZOrder">341</P>
    <P Name="Src">154#out:1</P>
    <P Name="Dst">199#in:1</P>
  </Line>
  <Line>
    <P Name="ZOrder">255</P>
    <P Name="Src">157#out:1</P>
    <P Name="Dst">168#in:1</P>
  </Line>
  <Line>
    <P Name="ZOrder">256</P>
    <P Name="Src">168#out:1</P>
    <P Name="Dst">154#in:1</P>
  </Line>
  <Line>
    <P Name="ZOrder">357</P>
    <P Name="Src">204#out:1</P>
    <P Name="Points">[7, 0]</P>
    <Branch>
      <P Name="ZOrder">241</P>
      <P Name="Points">[0, -100]</P>
      <P Name="Dst">157#in:2</P>
    </Branch>
    <Branch>
      <P Name="ZOrder">240</P>
      <P Name="Dst">146#in:1</P>
    </Branch>
  </Line>
  <Line>
    <P Name="ZOrder">348</P>
    <P Name="Src">200#out:1</P>
    <P Name="Points">[209, 0]</P>
    <Branch>
      <P Name="ZOrder">350</P>
      <P Name="Points">[0, 80]</P>
      <P Name="Dst">157#in:1</P>
    </Branch>
    <Branch>
      <P Name="ZOrder">349</P>
      <P Name="Dst">144#in:1</P>
    </Branch>
  </Line>
  <Line>
    <P Name="ZOrder">343</P>
    <P Name="Src">201#out:1</P>
    <P Name="Dst">200#in:1</P>
  </Line>
  <Line>
    <P Name="ZOrder">353</P>
    <P Name="Src">203#out:1</P>
    <P Name="Points">[27, 0]</P>
    <Branch>
      <P Name="ZOrder">358</P>
      <P Name="Points">[0, -60]</P>
      <P Name="Dst">207#in:1</P>
    </Branch>
    <Branch>
      <P Name="ZOrder">351</P>
      <P Name="Dst">206#in:1</P>
    </Branch>
  </Line>
  <Line>
    <P Name="ZOrder">354</P>
    <P Name="Src">205#out:1</P>
    <P Name="Dst">203#in:1</P>
  </Line>
  <Line>
    <P Name="ZOrder">355</P>
    <P Name="Src">202#out:1</P>
    <P Name="Points">[15, 0]</P>
    <P Name="Dst">206#in:2</P>
  </Line>
  <Line>
    <P Name="ZOrder">356</P>
    <P Name="Src">206#out:1</P>
    <P Name="Dst">204#in:1</P>
  </Line>
  <Annotation SID="175">
    <P Name="Name">&lt;!DOCTYPE HTML PUBLIC &quot;-//W3C//DTD HTML 4.0//EN&quot; &quot;http://www.w3.org/TR/REC-html40/strict.dtd&quot;&gt;
&lt;html&gt;&lt;head&gt;&lt;meta name=&quot;qrichtext&quot; content=&quot;1&quot; /&gt;&lt;style type=&quot;text/css&quot;&gt;
p, li { white-space: pre-wrap; }
&lt;/style&gt;&lt;/head&gt;&lt;body align=&quot;left&quot; style=&quot; font-family:&apos;Helvetica&apos;; font-size:10px; font-weight:400; font-style:normal;&quot;&gt;
&lt;p align=&quot;center&quot; style=&quot; margin-top:0px; margin-bottom:0px; margin-left:0px; margin-right:0px; -qt-block-indent:0; text-indent:0px;&quot;&gt;&lt;span style=&quot; font-size:18px; font-weight:600;&quot;&gt;MPPT CONTROL&lt;/span&gt;&lt;/p&gt;&lt;/body&gt;&lt;/html&gt;</P>
    <P Name="Position">[380, 269, 556, 293]</P>
    <P Name="InternalMargins">[0, 0, 0, 0]</P>
    <P Name="FixedHeight">on</P>
    <P Name="FixedWidth">on</P>
    <P Name="Interpreter">rich</P>
    <P Name="ZOrder">-7</P>
  </Annotation>
  <Annotation SID="176">
    <P Name="Position">[27, 256, 975, 756]</P>
    <P Name="InternalMargins">[0, 0, 0, 0]</P>
    <P Name="FixedHeight">on</P>
    <P Name="FixedWidth">on</P>
    <P Name="ForegroundColor">[0.901961, 0.901961, 1.000000]</P>
    <P Name="BackgroundColor">[0.901961, 0.901961, 1.000000]</P>
    <P Name="DropShadow">on</P>
    <P Name="AnnotationType">area_annotation</P>
    <P Name="ZOrder">672</P>
    <P Name="FontSize">12</P>
  </Annotation>
</System>
