<?xml version="1.0" encoding="utf-8"?>
<System>
  <P Name="Location">[-8, -8, 1374, 728]</P>
  <P Name="SystemRect">[0.000000, 0.000000, 0.000000, 0.000000]</P>
  <P Name="SetExecutionDomain">off</P>
  <P Name="ExecutionDomainType">Deduce</P>
  <P Name="SimulinkSubDomain">Simulink</P>
  <Block BlockType="Inport" Name="V_PV" SID="158">
    <P Name="Position">[20, 18, 50, 32]</P>
    <P Name="ZOrder">1115</P>
  </Block>
  <Block BlockType="Inport" Name="I_PV" SID="159">
    <P Name="Position">[20, 88, 50, 102]</P>
    <P Name="ZOrder">1116</P>
    <P Name="Port">2</P>
  </Block>
  <Block BlockType="SubSystem" Name="Subsystem" SID="160">
    <P Name="Ports">[2, 1]</P>
    <P Name="Position">[210, 30, 250, 90]</P>
    <P Name="ZOrder">1114</P>
    <P Name="RequestExecContextInheritance">off</P>
    <System Ref="system_160"/>
  </Block>
  <Block BlockType="Outport" Name="D" SID="165">
    <P Name="Position">[355, 53, 385, 67]</P>
    <P Name="ZOrder">1117</P>
    <P Name="VectorParamsAs1DForOutWhenUnconnected">off</P>
  </Block>
  <Line>
    <P Name="ZOrder">1</P>
    <P Name="Src">160#out:1</P>
    <P Name="Dst">165#in:1</P>
  </Line>
  <Line>
    <P Name="ZOrder">2</P>
    <P Name="Src">159#out:1</P>
    <P Name="Points">[75, 0; 0, -20]</P>
    <P Name="Dst">160#in:2</P>
  </Line>
  <Line>
    <P Name="ZOrder">3</P>
    <P Name="Src">158#out:1</P>
    <P Name="Points">[75, 0; 0, 20]</P>
    <P Name="Dst">160#in:1</P>
  </Line>
</System>
