<?xml version="1.0" encoding="utf-8"?>
<System>
  <P Name="Location">[-8, -8, 1374, 728]</P>
  <P Name="SystemRect">[0.000000, 0.000000, 0.000000, 0.000000]</P>
  <P Name="SetExecutionDomain">off</P>
  <P Name="ExecutionDomainType">Deduce</P>
  <P Name="ZoomFactor">112</P>
  <P Name="SimulinkSubDomain">Simulink</P>
  <Block BlockType="Inport" Name="V_PV" SID="161">
    <P Name="Position">[75, 13, 105, 27]</P>
    <P Name="ZOrder">1114</P>
  </Block>
  <Block BlockType="Inport" Name="I_PV" SID="162">
    <P Name="Position">[75, 108, 105, 122]</P>
    <P Name="ZOrder">1115</P>
    <P Name="Port">2</P>
  </Block>
  <Block BlockType="SubSystem" Name="P&amp;O Algorithm&#xA;" SID="163">
    <P Name="Ports">[2, 1]</P>
    <P Name="Position">[230, 39, 300, 86]</P>
    <P Name="ZOrder">1108</P>
    <P Name="ErrorFcn">Stateflow.Translate.translate</P>
    <P Name="PermitHierarchicalResolution">ExplicitOnly</P>
    <P Name="TreatAsAtomicUnit">on</P>
    <P Name="RequestExecContextInheritance">off</P>
    <P Name="SFBlockType">MATLAB Function</P>
    <System Ref="system_163"/>
  </Block>
  <Block BlockType="Outport" Name="D" SID="164">
    <P Name="Position">[410, 58, 440, 72]</P>
    <P Name="ZOrder">1116</P>
    <P Name="VectorParamsAs1DForOutWhenUnconnected">off</P>
  </Block>
  <Line>
    <P Name="ZOrder">1</P>
    <P Name="Src">162#out:1</P>
    <P Name="Points">[80, 0; 0, -40]</P>
    <P Name="Dst">163#in:2</P>
  </Line>
  <Line>
    <P Name="ZOrder">2</P>
    <P Name="Src">163#out:1</P>
    <P Name="Dst">164#in:1</P>
  </Line>
  <Line>
    <P Name="ZOrder">3</P>
    <P Name="Src">161#out:1</P>
    <P Name="Points">[80, 0; 0, 30]</P>
    <P Name="Dst">163#in:1</P>
  </Line>
</System>
