<?xml version="1.0" encoding="utf-8"?>
<GraphicalInterface>
  <P Name="NumRootInports">0</P>
  <P Name="NumRootOutports">0</P>
  <P Name="ParameterArgumentNames"/>
  <P Name="NumModelReferences">0</P>
  <P Name="NumTestPointedSignals">0</P>
  <P Name="NumProvidedFunctions">0</P>
  <P Name="NumRequiredFunctions">0</P>
  <P Name="NumResetEvents">0</P>
  <P Name="HasInitializeEvent">0</P>
  <P Name="HasTerminateEvent">0</P>
  <P Name="PreCompExecutionDomainType">Unset</P>
  <P Name="UseModelRefSolver">0</P>
  <P Name="SolverName">FixedStepDiscrete</P>
  <P Name="IsExportFunctionModel">0</P>
  <P Name="SimulinkSubDomainType">Simulink</P>
  <P Name="NumParameterArguments">0</P>
  <P Name="NumExternalFileReferences">9</P>
  <ExternalFileReference>
    <P Name="Reference">c2802xlib/ADC</P>
    <P Name="Path">$bdroot/INPUT CURRENT SENSE</P>
    <P Name="SID">155</P>
    <P Name="Type">LIBRARY_BLOCK</P>
  </ExternalFileReference>
  <ExternalFileReference>
    <P Name="Reference">c2802xlib/ADC</P>
    <P Name="Path">$bdroot/INPUT VOLTAGE SENSE</P>
    <P Name="SID">254</P>
    <P Name="Type">LIBRARY_BLOCK</P>
  </ExternalFileReference>
  <ExternalFileReference>
    <P Name="Reference">c2802xlib/ADC</P>
    <P Name="Path">$bdroot/OUTPUT CURRENT SENSE</P>
    <P Name="SID">245</P>
    <P Name="Type">LIBRARY_BLOCK</P>
  </ExternalFileReference>
  <ExternalFileReference>
    <P Name="Reference">c2802xlib/ADC</P>
    <P Name="Path">$bdroot/OUTPUT VOLTAGE SENSE</P>
    <P Name="SID">259</P>
    <P Name="Type">LIBRARY_BLOCK</P>
  </ExternalFileReference>
  <ExternalFileReference>
    <P Name="Reference">c2802xlib/ADC</P>
    <P Name="Path">$bdroot/OUTPUT VOLTAGE SENSE_CL</P>
    <P Name="SID">262</P>
    <P Name="Type">LIBRARY_BLOCK</P>
  </ExternalFileReference>
  <ExternalFileReference>
    <P Name="Reference">slpidlib/PID Controller</P>
    <P Name="Path">$bdroot/PID Controller</P>
    <P Name="SID">167</P>
    <P Name="Type">LIBRARY_BLOCK</P>
  </ExternalFileReference>
  <ExternalFileReference>
    <P Name="Reference">c2802xlib/ADC</P>
    <P Name="Path">$bdroot/POT</P>
    <P Name="SID">249</P>
    <P Name="Type">LIBRARY_BLOCK</P>
  </ExternalFileReference>
  <ExternalFileReference>
    <P Name="Reference">c2802xlib/ePWM</P>
    <P Name="Path">$bdroot/ePWM1</P>
    <P Name="SID">260</P>
    <P Name="Type">LIBRARY_BLOCK</P>
  </ExternalFileReference>
  <ExternalFileReference>
    <P Name="Reference">c2802xlib/ePWM</P>
    <P Name="Path">$bdroot/ePWM2</P>
    <P Name="SID">265</P>
    <P Name="Type">LIBRARY_BLOCK</P>
  </ExternalFileReference>
  <P Name="OrderedModelArguments">1</P>
</GraphicalInterface>
