<?xml version="1.0" encoding="UTF-8"?>
<sltp_editor version="1.1" packageUris="http://schema.mathworks.com/mf0/DiagramEditor/R2019a_20181107 http://schema.mathworks.com/mf0/SltpSyntax/R2022a_202109161050">
  <sltp.mm.syntax.Context type="sltp.mm.syntax.Context" uuid="f1bbc8a1-3ad2-4077-9235-32278ef6060b">
    <rootGraph type="sltp.mm.syntax.Graph" uuid="a71b13ba-ccb6-4844-af8b-ea0278ad1b5d">
      <children type="sltp.mm.syntax.Node" uuid="c2fcd9a3-6e56-43f5-bdc8-22922d07cb9f">
        <priority>40</priority>
        <rates type="sltp.mm.syntax.RateData">
          <color>#e60000</color>
          <rate>0.2</rate>
          <title>D1</title>
        </rates>
        <title>D1</title>
        <type>implicit-periodic</type>
        <diagramElement type="diagram.editor.model.Entity" uuid="2495c50b-37f5-47cd-8eb8-52b44a746273"/>
        <subgraph type="sltp.mm.syntax.Graph" uuid="b3c4ef13-3c04-46d7-84cd-01be23ff9542">
          <title>D1</title>
          <diagramElement type="diagram.editor.model.Diagram" uuid="242d5361-23a8-4383-95fb-819a28a5043b"/>
        </subgraph>
      </children>
      <title>Default</title>
      <diagramElement type="diagram.editor.model.Diagram" uuid="d6ef6f64-3a44-4007-aa09-7a2f74268107"/>
    </rootGraph>
  </sltp.mm.syntax.Context>
  <diagram.editor.model.Diagram type="diagram.editor.model.Diagram" uuid="d6ef6f64-3a44-4007-aa09-7a2f74268107">
    <entities type="diagram.editor.model.Entity" uuid="2495c50b-37f5-47cd-8eb8-52b44a746273">
      <position>0,0</position>
      <size>0,0,0,0</size>
      <syntaxElement type="sltp.mm.syntax.Node" uuid="c2fcd9a3-6e56-43f5-bdc8-22922d07cb9f"/>
      <title>D1</title>
      <type>implicit-periodic</type>
      <subDiagram type="diagram.editor.model.Diagram" uuid="242d5361-23a8-4383-95fb-819a28a5043b">
        <position>0,0</position>
        <syntaxElement type="sltp.mm.syntax.Graph" uuid="b3c4ef13-3c04-46d7-84cd-01be23ff9542"/>
        <title>D1</title>
        <type>graph.Graph</type>
      </subDiagram>
    </entities>
    <syntaxElement type="sltp.mm.syntax.Graph" uuid="a71b13ba-ccb6-4844-af8b-ea0278ad1b5d"/>
    <title>Default</title>
    <type>graph.Graph</type>
  </diagram.editor.model.Diagram>
</sltp_editor>