<?xml version="1.0" encoding="UTF-8"?>
<sltp_graph version="1.1" packageUris="http://schema.mathworks.com/mf0/sltp_mm/R2021b_202106150630">
  <sltp.mm.core.Context type="sltp.mm.core.Context" uuid="a6295649-9663-4ea3-af0d-2e707b5044a2">
    <priorityDirection>HighNumberLast</priorityDirection>
    <unusedTaskIds>1</unusedTaskIds>
    <unusedTaskIds>2</unusedTaskIds>
    <unusedTaskIds>4</unusedTaskIds>
    <editorState type="sltp.mm.core.EditorState" uuid="cd5b5fb8-674e-43ba-a729-ac2f21e8a07a">
      <isSynchronized>true</isSynchronized>
      <panelState type="sltp.mm.core.EditorPanelState" uuid="087ee299-35f7-41ee-9fb4-d8d0c6d7323e"/>
    </editorState>
    <rootTask type="sltp.mm.core.Task" uuid="118ae2ac-d96d-44a3-99ce-2c51d8edda3b">
      <context type="sltp.mm.core.Context" uuid="a6295649-9663-4ea3-af0d-2e707b5044a2"/>
      <explicit>false</explicit>
      <name>Default</name>
      <priority>-2147483648</priority>
      <subgraph type="sltp.mm.core.Graph" uuid="59badd2f-5bef-43d4-8031-6a2e1e71ca8b">
        <tasks type="sltp.mm.core.Task" uuid="ab6bf8c3-1ef8-438a-ac4f-5e142499cc7d">
          <context type="sltp.mm.core.Context" uuid="a6295649-9663-4ea3-af0d-2e707b5044a2"/>
          <explicit>false</explicit>
          <id>3</id>
          <isTimed>true</isTimed>
          <name>D1</name>
          <priority>40</priority>
          <rates type="sltp.mm.core.Rate" uuid="a2142407-79b5-4936-80c8-bf426d26eeab">
            <annotation>D1</annotation>
            <color>-436207361</color>
            <identifier>ClassicPeriodicDiscrete0.20</identifier>
            <rateSpec type="sltp.mm.core.RateSpec">
              <period>.2</period>
            </rateSpec>
            <sti>0</sti>
          </rates>
        </tasks>
      </subgraph>
    </rootTask>
  </sltp.mm.core.Context>
</sltp_graph>