<?xml version="1.0" encoding="utf-8"?>
<System>
  <P Name="Location">[-8, -8, 1374, 728]</P>
  <P Name="SystemRect">[0.000000, 0.000000, 0.000000, 0.000000]</P>
  <P Name="Open">on</P>
  <P Name="SetExecutionDomain">off</P>
  <P Name="ExecutionDomainType">Deduce</P>
  <P Name="ZoomFactor">30</P>
  <P Name="ReportName">simulink-default.rpt</P>
  <P Name="SIDHighWatermark">274</P>
  <P Name="SimulinkSubDomain">Simulink</P>
  <Block BlockType="Constant" Name="Constant2" SID="143">
    <P Name="Position">[180, 555, 210, 585]</P>
    <P Name="ZOrder">5020</P>
    <P Name="ForegroundColor">red</P>
    <P Name="Value">2.432</P>
  </Block>
  <Block BlockType="Constant" Name="Constant3" SID="241">
    <P Name="Position">[180, 820, 210, 850]</P>
    <P Name="ZOrder">5092</P>
    <P Name="ForegroundColor">red</P>
    <P Name="Value">2.470</P>
  </Block>
  <Block BlockType="DataTypeConversion" Name="Data Type Conversion" SID="251">
    <P Name="Position">[970, 718, 1045, 752]</P>
    <P Name="ZOrder">5099</P>
    <P Name="RndMeth">Floor</P>
    <P Name="SaturateOnIntegerOverflow">off</P>
  </Block>
  <Block BlockType="Display" Name="Display1" SID="252">
    <P Name="Ports">[1]</P>
    <P Name="Position">[1195, 810, 1285, 840]</P>
    <P Name="ZOrder">5100</P>
    <P Name="Decimation">1</P>
  </Block>
  <Block BlockType="Gain" Name="Gain2" SID="261">
    <P Name="Position">[875, 499, 950, 551]</P>
    <P Name="ZOrder">5110</P>
    <P Name="Gain">120/4095</P>
  </Block>
  <Block BlockType="Gain" Name="Gain3" SID="152">
    <P Name="Position">[65, 484, 135, 536]</P>
    <P Name="ZOrder">5018</P>
    <P Name="Gain">3.3/4095</P>
  </Block>
  <Block BlockType="Gain" Name="Gain4" SID="153">
    <P Name="Position">[300, 489, 370, 531]</P>
    <P Name="ZOrder">5024</P>
    <P Name="Gain">1/66e-3</P>
  </Block>
  <Block BlockType="Gain" Name="Gain5" SID="243">
    <P Name="Position">[65, 749, 135, 801]</P>
    <P Name="ZOrder">5090</P>
    <P Name="Gain">3.3/4095</P>
  </Block>
  <Block BlockType="Gain" Name="Gain6" SID="244">
    <P Name="Position">[300, 754, 370, 796]</P>
    <P Name="ZOrder">5094</P>
    <P Name="Gain">1/66e-3</P>
  </Block>
  <Block BlockType="Gain" Name="Gain7" SID="248">
    <P Name="Position">[885, 707, 940, 763]</P>
    <P Name="ZOrder">5096</P>
    <P Name="Gain">90/4096</P>
  </Block>
  <Block BlockType="Gain" Name="Gain8" SID="255">
    <P Name="Position">[60, 619, 135, 671]</P>
    <P Name="ZOrder">5103</P>
    <P Name="Gain">120/4095</P>
  </Block>
  <Block BlockType="Gain" Name="Gain9" SID="258">
    <P Name="Position">[65, 864, 140, 916]</P>
    <P Name="ZOrder">5106</P>
    <P Name="Gain">120/4095</P>
  </Block>
  <Block BlockType="Display" Name="INPUT CURRENT" SID="146">
    <P Name="Ports">[1]</P>
    <P Name="Position">[415, 495, 505, 525]</P>
    <P Name="ZOrder">5021</P>
    <P Name="Decimation">1</P>
  </Block>
  <Block BlockType="Reference" Name="INPUT CURRENT SENSE" SID="155">
    <P Name="Ports">[0, 1]</P>
    <P Name="Position">[-90, 480, 20, 540]</P>
    <P Name="ZOrder">5017</P>
    <P Name="LibraryVersion">4.9</P>
    <P Name="UserDataPersistent">on</P>
    <P Name="SourceBlock">c2802xlib/ADC</P>
    <P Name="SourceType">ADC Type 3-5</P>
    <P Name="SourceProductBaseCode">TIC2000</P>
    <InstanceData>
      <P Name="MultithreadedSim">auto</P>
      <P Name="blkParamProc">C2000</P>
      <P Name="ADCModule">1</P>
      <P Name="samplingMode">Single sample mode</P>
      <P Name="ADCResolution">12-bit (Single-ended input)</P>
      <P Name="useSOC1">SOC2</P>
      <P Name="useSOC2">SOC0_SOC1</P>
      <P Name="SOCAcquisitionWindow">7</P>
      <P Name="SOCTriggerSource">Software</P>
      <P Name="SOCInterruptTrigger">No ADCINT</P>
      <P Name="Ts">1e-3</P>
      <P Name="dType">double</P>
      <P Name="postInterrupt">off</P>
      <P Name="interruptSel">ADCINT1</P>
      <P Name="ADCINTContinuous">on</P>
      <P Name="endma">off</P>
      <P Name="chdma">1</P>
      <P Name="conv1">ADCINB1</P>
      <P Name="conv2">ADCINA0 and ADCINB0</P>
      <P Name="conv1_Type4">ADCIN0</P>
      <P Name="conv2_Type4">ADCIN0 and ADCIN1</P>
    </InstanceData>
  </Block>
  <Block BlockType="Display" Name="INPUT VOLTAGE" SID="256">
    <P Name="Ports">[1]</P>
    <P Name="Position">[415, 630, 505, 660]</P>
    <P Name="ZOrder">5104</P>
    <P Name="Decimation">1</P>
  </Block>
  <Block BlockType="Reference" Name="INPUT VOLTAGE SENSE" SID="254">
    <P Name="Ports">[0, 1]</P>
    <P Name="Position">[-90, 615, 20, 675]</P>
    <P Name="ZOrder">5102</P>
    <P Name="LibraryVersion">4.9</P>
    <P Name="UserDataPersistent">on</P>
    <P Name="SourceBlock">c2802xlib/ADC</P>
    <P Name="SourceType">ADC Type 3-5</P>
    <P Name="SourceProductBaseCode">TIC2000</P>
    <InstanceData>
      <P Name="MultithreadedSim">auto</P>
      <P Name="blkParamProc">C2000</P>
      <P Name="ADCModule">1</P>
      <P Name="samplingMode">Single sample mode</P>
      <P Name="ADCResolution">12-bit (Single-ended input)</P>
      <P Name="useSOC1">SOC1</P>
      <P Name="useSOC2">SOC0_SOC1</P>
      <P Name="SOCAcquisitionWindow">7</P>
      <P Name="SOCTriggerSource">Software</P>
      <P Name="SOCInterruptTrigger">No ADCINT</P>
      <P Name="Ts">1e-3</P>
      <P Name="dType">double</P>
      <P Name="postInterrupt">off</P>
      <P Name="interruptSel">ADCINT1</P>
      <P Name="ADCINTContinuous">on</P>
      <P Name="endma">off</P>
      <P Name="chdma">1</P>
      <P Name="conv1">ADCINB2</P>
      <P Name="conv2">ADCINA0 and ADCINB0</P>
      <P Name="conv1_Type4">ADCIN0</P>
      <P Name="conv2_Type4">ADCIN0 and ADCIN1</P>
    </InstanceData>
  </Block>
  <Block BlockType="Display" Name="OUTPUT CURRENT" SID="242">
    <P Name="Ports">[1]</P>
    <P Name="Position">[415, 760, 505, 790]</P>
    <P Name="ZOrder">5093</P>
    <P Name="Decimation">1</P>
  </Block>
  <Block BlockType="Reference" Name="OUTPUT CURRENT SENSE" SID="245">
    <P Name="Ports">[0, 1]</P>
    <P Name="Position">[-90, 745, 20, 805]</P>
    <P Name="ZOrder">5089</P>
    <P Name="LibraryVersion">4.9</P>
    <P Name="UserDataPersistent">on</P>
    <P Name="SourceBlock">c2802xlib/ADC</P>
    <P Name="SourceType">ADC Type 3-5</P>
    <P Name="SourceProductBaseCode">TIC2000</P>
    <InstanceData>
      <P Name="MultithreadedSim">auto</P>
      <P Name="blkParamProc">C2000</P>
      <P Name="ADCModule">1</P>
      <P Name="samplingMode">Single sample mode</P>
      <P Name="ADCResolution">12-bit (Single-ended input)</P>
      <P Name="useSOC1">SOC3</P>
      <P Name="useSOC2">SOC0_SOC1</P>
      <P Name="SOCAcquisitionWindow">7</P>
      <P Name="SOCTriggerSource">Software</P>
      <P Name="SOCInterruptTrigger">No ADCINT</P>
      <P Name="Ts">1e-3</P>
      <P Name="dType">double</P>
      <P Name="postInterrupt">off</P>
      <P Name="interruptSel">ADCINT1</P>
      <P Name="ADCINTContinuous">on</P>
      <P Name="endma">off</P>
      <P Name="chdma">1</P>
      <P Name="conv1">ADCINA1</P>
      <P Name="conv2">ADCINA0 and ADCINB0</P>
      <P Name="conv1_Type4">ADCIN0</P>
      <P Name="conv2_Type4">ADCIN0 and ADCIN1</P>
    </InstanceData>
  </Block>
  <Block BlockType="Display" Name="OUTPUT VOLTAGE" SID="257">
    <P Name="Ports">[1]</P>
    <P Name="Position">[415, 875, 505, 905]</P>
    <P Name="ZOrder">5107</P>
    <P Name="Decimation">1</P>
  </Block>
  <Block BlockType="Reference" Name="OUTPUT VOLTAGE SENSE" SID="259">
    <P Name="Ports">[0, 1]</P>
    <P Name="Position">[-90, 860, 20, 920]</P>
    <P Name="ZOrder">5105</P>
    <P Name="LibraryVersion">4.9</P>
    <P Name="UserDataPersistent">on</P>
    <P Name="SourceBlock">c2802xlib/ADC</P>
    <P Name="SourceType">ADC Type 3-5</P>
    <P Name="SourceProductBaseCode">TIC2000</P>
    <InstanceData>
      <P Name="MultithreadedSim">auto</P>
      <P Name="blkParamProc">C2000</P>
      <P Name="ADCModule">1</P>
      <P Name="samplingMode">Single sample mode</P>
      <P Name="ADCResolution">12-bit (Single-ended input)</P>
      <P Name="useSOC1">SOC5</P>
      <P Name="useSOC2">SOC0_SOC1</P>
      <P Name="SOCAcquisitionWindow">7</P>
      <P Name="SOCTriggerSource">Software</P>
      <P Name="SOCInterruptTrigger">No ADCINT</P>
      <P Name="Ts">1e-3</P>
      <P Name="dType">double</P>
      <P Name="postInterrupt">off</P>
      <P Name="interruptSel">ADCINT1</P>
      <P Name="ADCINTContinuous">on</P>
      <P Name="endma">off</P>
      <P Name="chdma">1</P>
      <P Name="conv1">ADCINA2</P>
      <P Name="conv2">ADCINA0 and ADCINB0</P>
      <P Name="conv1_Type4">ADCIN0</P>
      <P Name="conv2_Type4">ADCIN0 and ADCIN1</P>
    </InstanceData>
  </Block>
  <Block BlockType="Reference" Name="OUTPUT VOLTAGE SENSE_CL" SID="262">
    <P Name="Ports">[0, 1]</P>
    <P Name="Position">[715, 495, 825, 555]</P>
    <P Name="ZOrder">5109</P>
    <P Name="LibraryVersion">4.9</P>
    <P Name="UserDataPersistent">on</P>
    <P Name="SourceBlock">c2802xlib/ADC</P>
    <P Name="SourceType">ADC Type 3-5</P>
    <P Name="SourceProductBaseCode">TIC2000</P>
    <InstanceData>
      <P Name="MultithreadedSim">auto</P>
      <P Name="blkParamProc">C2000</P>
      <P Name="ADCModule">1</P>
      <P Name="samplingMode">Single sample mode</P>
      <P Name="ADCResolution">12-bit (Single-ended input)</P>
      <P Name="useSOC1">SOC5</P>
      <P Name="useSOC2">SOC0_SOC1</P>
      <P Name="SOCAcquisitionWindow">7</P>
      <P Name="SOCTriggerSource">Software</P>
      <P Name="SOCInterruptTrigger">No ADCINT</P>
      <P Name="Ts">1e-3</P>
      <P Name="dType">double</P>
      <P Name="postInterrupt">off</P>
      <P Name="interruptSel">ADCINT1</P>
      <P Name="ADCINTContinuous">on</P>
      <P Name="endma">off</P>
      <P Name="chdma">1</P>
      <P Name="conv1">ADCINA2</P>
      <P Name="conv2">ADCINA0 and ADCINB0</P>
      <P Name="conv1_Type4">ADCIN0</P>
      <P Name="conv2_Type4">ADCIN0 and ADCIN1</P>
    </InstanceData>
  </Block>
  <Block BlockType="Reference" Name="PID Controller" SID="167">
    <P Name="Ports">[1, 1]</P>
    <P Name="Position">[1060, 507, 1100, 543]</P>
    <P Name="ZOrder">5015</P>
    <P Name="LibraryVersion">4.31</P>
    <P Name="SourceBlock">slpidlib/PID Controller</P>
    <P Name="SourceType">PID 1dof</P>
    <P Name="SourceProductBaseCode">SL</P>
    <InstanceData>
      <P Name="RTWMemSecFuncInitTerm">Inherit from model</P>
      <P Name="RTWMemSecFuncExecute">Inherit from model</P>
      <P Name="RTWMemSecDataConstants">Inherit from model</P>
      <P Name="RTWMemSecDataInternal">Inherit from model</P>
      <P Name="RTWMemSecDataParameters">Inherit from model</P>
      <P Name="ContentPreviewEnabled">on</P>
      <P Name="Controller">PI</P>
      <P Name="Form">Parallel</P>
      <P Name="TimeDomain">Discrete-time</P>
      <P Name="UseExternalTs">off</P>
      <P Name="SampleTime">-1</P>
      <P Name="IntegratorMethod">Forward Euler</P>
      <P Name="FilterMethod">Forward Euler</P>
      <P Name="ControllerParametersSource">internal</P>
      <P Name="P">0.05</P>
      <P Name="I">5</P>
      <P Name="UseKiTs">off</P>
      <P Name="D">0</P>
      <P Name="N">100</P>
      <P Name="UseFilter">on</P>
      <P Name="TunerSelectOption">Transfer Function Based (PID Tuner App)</P>
      <P Name="ZeroCross">on</P>
      <P Name="InitialConditionSource">internal</P>
      <P Name="InitialConditionForIntegrator">0</P>
      <P Name="InitialConditionForFilter">0</P>
      <P Name="DifferentiatorICPrevScaledInput">0</P>
      <P Name="ExternalReset">none</P>
      <P Name="IgnoreLimit">off</P>
      <P Name="TrackingMode">off</P>
      <P Name="Kt">1</P>
      <P Name="LimitOutput">on</P>
      <P Name="SatLimitsSource">internal</P>
      <P Name="UpperSaturationLimit">85</P>
      <P Name="LowerSaturationLimit">0</P>
      <P Name="LinearizeAsGain">on</P>
      <P Name="AntiWindupMode">clamping</P>
      <P Name="Kb">1</P>
      <P Name="RndMeth">Floor</P>
      <P Name="SaturateOnIntegerOverflow">off</P>
      <P Name="LockScale">off</P>
      <P Name="PGainOutDataTypeStr">Inherit: Inherit via internal rule</P>
      <P Name="PProdOutDataTypeStr">Inherit: Inherit via internal rule</P>
      <P Name="POutMin">[]</P>
      <P Name="POutMax">[]</P>
      <P Name="IGainOutDataTypeStr">Inherit: Inherit via internal rule</P>
      <P Name="IProdOutDataTypeStr">Inherit: Inherit via internal rule</P>
      <P Name="IOutMin">[]</P>
      <P Name="IOutMax">[]</P>
      <P Name="DGainOutDataTypeStr">Inherit: Inherit via internal rule</P>
      <P Name="DProdOutDataTypeStr">Inherit: Inherit via internal rule</P>
      <P Name="DOutMin">[]</P>
      <P Name="DOutMax">[]</P>
      <P Name="NGainOutDataTypeStr">Inherit: Inherit via internal rule</P>
      <P Name="NProdOutDataTypeStr">Inherit: Inherit via internal rule</P>
      <P Name="NOutMin">[]</P>
      <P Name="NOutMax">[]</P>
      <P Name="SumOutDataTypeStr">Inherit: Inherit via internal rule</P>
      <P Name="SumOutMin">[]</P>
      <P Name="SumOutMax">[]</P>
      <P Name="SaturationOutDataTypeStr">Inherit: Same as input</P>
      <P Name="SaturationOutMin">[]</P>
      <P Name="SaturationOutMax">[]</P>
      <P Name="PParamDataTypeStr">Inherit: Inherit via internal rule</P>
      <P Name="PParamMin">[]</P>
      <P Name="PParamMax">[]</P>
      <P Name="IParamDataTypeStr">Inherit: Inherit via internal rule</P>
      <P Name="IParamMin">[]</P>
      <P Name="IParamMax">[]</P>
      <P Name="DParamDataTypeStr">Inherit: Inherit via internal rule</P>
      <P Name="DParamMin">[]</P>
      <P Name="DParamMax">[]</P>
      <P Name="NParamDataTypeStr">Inherit: Inherit via internal rule</P>
      <P Name="NParamMin">[]</P>
      <P Name="NParamMax">[]</P>
      <P Name="KbParamDataTypeStr">Inherit: Inherit via internal rule</P>
      <P Name="KbParamMin">[]</P>
      <P Name="KbParamMax">[]</P>
      <P Name="KtParamDataTypeStr">Inherit: Inherit via internal rule</P>
      <P Name="KtParamMin">[]</P>
      <P Name="KtParamMax">[]</P>
      <P Name="KbOutDataTypeStr">Inherit: Inherit via internal rule</P>
      <P Name="KbOutMin">[]</P>
      <P Name="KbOutMax">[]</P>
      <P Name="KtOutDataTypeStr">Inherit: Inherit via internal rule</P>
      <P Name="KtOutMin">[]</P>
      <P Name="KtOutMax">[]</P>
      <P Name="IntegratorOutDataTypeStr">Inherit: Inherit via internal rule</P>
      <P Name="IntegratorOutMin">[]</P>
      <P Name="IntegratorOutMax">[]</P>
      <P Name="FilterOutDataTypeStr">Inherit: Inherit via internal rule</P>
      <P Name="FilterOutMin">[]</P>
      <P Name="FilterOutMax">[]</P>
      <P Name="SumI1OutDataTypeStr">Inherit: Inherit via internal rule</P>
      <P Name="SumI1OutMin">[]</P>
      <P Name="SumI1OutMax">[]</P>
      <P Name="SumI2OutDataTypeStr">Inherit: Inherit via internal rule</P>
      <P Name="SumI2OutMin">[]</P>
      <P Name="SumI2OutMax">[]</P>
      <P Name="SumI3OutDataTypeStr">Inherit: Inherit via internal rule</P>
      <P Name="SumI3OutMin">[]</P>
      <P Name="SumI3OutMax">[]</P>
      <P Name="SumI4OutDataTypeStr">Inherit: Inherit via internal rule</P>
      <P Name="SumI4OutMin">[]</P>
      <P Name="SumI4OutMax">[]</P>
      <P Name="SumDOutDataTypeStr">Inherit: Inherit via internal rule</P>
      <P Name="SumDOutMin">[]</P>
      <P Name="SumDOutMax">[]</P>
      <P Name="SumAccumDataTypeStr">Inherit: Inherit via internal rule</P>
      <P Name="SumI1AccumDataTypeStr">Inherit: Inherit via internal rule</P>
      <P Name="SumI2AccumDataTypeStr">Inherit: Inherit via internal rule</P>
      <P Name="SumI3AccumDataTypeStr">Inherit: Inherit via internal rule</P>
      <P Name="SumI4AccumDataTypeStr">Inherit: Inherit via internal rule</P>
      <P Name="SumDAccumDataTypeStr">Inherit: Inherit via internal rule</P>
      <P Name="DifferentiatorOutDataTypeStr">Inherit: Inherit via internal rule</P>
      <P Name="DifferentiatorOutMin">[]</P>
      <P Name="DifferentiatorOutMax">[]</P>
      <P Name="FilterDiffNumProductOutputDataTypeStr">Inherit: Inherit via internal rule</P>
      <P Name="FilterDiffDenProductOutputDataTypeStr">Inherit: Inherit via internal rule</P>
      <P Name="FilterDiffNumAccumDataTypeStr">Inherit: Inherit via internal rule</P>
      <P Name="FilterDiffDenAccumDataTypeStr">Inherit: Inherit via internal rule</P>
      <P Name="FilterDiffOutCoefDataTypeStr">Inherit: Inherit via internal rule</P>
      <P Name="FilterDiffOutCoefMin">[]</P>
      <P Name="FilterDiffOutCoefMax">[]</P>
      <P Name="ReciprocalOutDataTypeStr">Inherit: Inherit via internal rule</P>
      <P Name="ReciprocalOutMin">[]</P>
      <P Name="ReciprocalOutMax">[]</P>
      <P Name="SumDenOutDataTypeStr">Inherit: Inherit via internal rule</P>
      <P Name="SumDenOutMin">[]</P>
      <P Name="SumDenOutMax">[]</P>
      <P Name="SumNumOutDataTypeStr">Inherit: Inherit via internal rule</P>
      <P Name="SumNumOutMin">[]</P>
      <P Name="SumNumOutMax">[]</P>
      <P Name="SumDenAccumDataTypeStr">Inherit: Inherit via internal rule</P>
      <P Name="SumNumAccumDataTypeStr">Inherit: Inherit via internal rule</P>
      <P Name="DivideOutDataTypeStr">Inherit: Inherit via internal rule</P>
      <P Name="DivideOutMin">[]</P>
      <P Name="DivideOutMax">[]</P>
      <P Name="UdiffTsProdOutDataTypeStr">Inherit: Inherit via internal rule</P>
      <P Name="UdiffTsProdOutMin">[]</P>
      <P Name="UdiffTsProdOutMax">[]</P>
      <P Name="NTsProdOutDataTypeStr">Inherit: Inherit via internal rule</P>
      <P Name="NTsProdOutMin">[]</P>
      <P Name="NTsProdOutMax">[]</P>
      <P Name="UintegralTsProdOutDataTypeStr">Inherit: Inherit via internal rule</P>
      <P Name="UintegralTsProdOutMin">[]</P>
      <P Name="UintegralTsProdOutMax">[]</P>
      <P Name="UngainTsProdOutDataTypeStr">Inherit: Inherit via internal rule</P>
      <P Name="UngainTsProdOutMin">[]</P>
      <P Name="UngainTsProdOutMax">[]</P>
      <P Name="IntegratorContinuousStateAttributes">&apos;&apos;</P>
      <P Name="IntegratorStateMustResolveToSignalObject">off</P>
      <P Name="IntegratorRTWStateStorageClass">Auto</P>
      <P Name="FilterContinuousStateAttributes">&apos;&apos;</P>
      <P Name="FilterStateMustResolveToSignalObject">off</P>
      <P Name="FilterRTWStateStorageClass">Auto</P>
      <P Name="ParallelPVariant">InternalParameters</P>
      <P Name="IdealPVariant">Disabled</P>
      <P Name="IVariant">InternalParameters</P>
      <P Name="DVariant">Disabled</P>
      <P Name="IntegratorVariant">Discrete</P>
      <P Name="SatVariant">Enabled</P>
      <P Name="AWVariant">DiscClampingParallel</P>
      <P Name="PCopyVariant">Disabled</P>
      <P Name="TRVariant">Disabled</P>
      <P Name="FdbkBlocksVariant">Forward</P>
      <P Name="IdealPFdbkVariant">Disabled</P>
      <P Name="SatFdbkVariant">Disabled</P>
      <P Name="DerivativeFilterVariant">Disabled</P>
      <P Name="NVariant">Disabled</P>
      <P Name="NCopyVariant">Disabled_SignalSpec</P>
      <P Name="FilterICVariant">Disabled</P>
      <P Name="IntegratorICVariant">InternalICs</P>
      <P Name="ExternalResetVariant">Disabled</P>
      <P Name="TRSumVariant">Passthrough</P>
      <P Name="SumFdbkVariant">Disabled</P>
      <P Name="SumVariant">Sum_PI</P>
      <P Name="TsampFilterVariant">InternalTs</P>
      <P Name="TsampNgainVariant">Passthrough</P>
      <P Name="TsampIntegralVariant">Passthrough</P>
      <P Name="ExternalSaturationOutDataTypeStr">Inherit: Same as second input</P>
      <P Name="aMode">0</P>
      <P Name="InitialConditionSetting">Auto</P>
    </InstanceData>
  </Block>
  <Block BlockType="Reference" Name="POT" SID="249">
    <P Name="Ports">[0, 1]</P>
    <P Name="Position">[705, 705, 815, 765]</P>
    <P Name="ZOrder">5097</P>
    <P Name="LibraryVersion">4.9</P>
    <P Name="UserDataPersistent">on</P>
    <P Name="SourceBlock">c2802xlib/ADC</P>
    <P Name="SourceType">ADC Type 3-5</P>
    <P Name="SourceProductBaseCode">TIC2000</P>
    <InstanceData>
      <P Name="MultithreadedSim">auto</P>
      <P Name="blkParamProc">C2000</P>
      <P Name="ADCModule">1</P>
      <P Name="samplingMode">Single sample mode</P>
      <P Name="ADCResolution">12-bit (Single-ended input)</P>
      <P Name="useSOC1">SOC0</P>
      <P Name="useSOC2">SOC0_SOC1</P>
      <P Name="SOCAcquisitionWindow">7</P>
      <P Name="SOCTriggerSource">Software</P>
      <P Name="SOCInterruptTrigger">No ADCINT</P>
      <P Name="Ts">1e-3</P>
      <P Name="dType">uint16</P>
      <P Name="postInterrupt">off</P>
      <P Name="interruptSel">ADCINT1</P>
      <P Name="ADCINTContinuous">on</P>
      <P Name="endma">off</P>
      <P Name="chdma">1</P>
      <P Name="conv1">ADCINB3</P>
      <P Name="conv2">ADCINA0 and ADCINB0</P>
      <P Name="conv1_Type4">ADCIN0</P>
      <P Name="conv2_Type4">ADCIN0 and ADCIN1</P>
    </InstanceData>
  </Block>
  <Block BlockType="RateTransition" Name="Rate Transition" SID="253">
    <P Name="Position">[1120, 804, 1160, 846]</P>
    <P Name="ZOrder">5101</P>
    <P Name="OutPortSampleTime">1e-3</P>
  </Block>
  <Block BlockType="Sum" Name="Sum" SID="169">
    <P Name="Ports">[2, 1]</P>
    <P Name="Position">[995, 515, 1015, 535]</P>
    <P Name="ZOrder">5013</P>
    <P Name="Inputs">|-+</P>
  </Block>
  <Block BlockType="Sum" Name="Sum1" SID="170">
    <P Name="Ports">[2, 1]</P>
    <P Name="Position">[220, 500, 240, 520]</P>
    <P Name="ZOrder">5019</P>
    <P Name="Inputs">|+-</P>
  </Block>
  <Block BlockType="Sum" Name="Sum2" SID="246">
    <P Name="Ports">[2, 1]</P>
    <P Name="Position">[220, 765, 240, 785]</P>
    <P Name="ZOrder">5091</P>
    <P Name="Inputs">|+-</P>
  </Block>
  <Block BlockType="Constant" Name="Voltage Ref" SID="142">
    <P Name="Position">[955, 565, 985, 595]</P>
    <P Name="ZOrder">5014</P>
    <P Name="Value">50</P>
  </Block>
  <Block BlockType="Reference" Name="ePWM1" SID="260">
    <P Name="Ports">[1]</P>
    <P Name="Position">[1205, 495, 1315, 555]</P>
    <P Name="ZOrder">5108</P>
    <P Name="LibraryVersion">4.9</P>
    <P Name="UserDataPersistent">on</P>
    <P Name="SourceBlock">c2802xlib/ePWM</P>
    <P Name="SourceType">ePWM Type 1-4</P>
    <P Name="SourceProductBaseCode">TIC2000</P>
    <InstanceData>
      <P Name="MultithreadedSim">auto</P>
      <P Name="PwmType">C2000</P>
      <P Name="useModule">ePWM1</P>
      <P Name="ePWMxLINKTBPRD">Not Linked</P>
      <P Name="periodUnits">Seconds</P>
      <P Name="timerSource">Specify via dialog</P>
      <P Name="timerPeriod_clk">64000</P>
      <P Name="timerPeriod_sec">1/40e3</P>
      <P Name="tbshadow">Counter equals to zero</P>
      <P Name="countingMode">Up-Down</P>
      <P Name="phaseActiveEnable">Disable</P>
      <P Name="phaseDirection">Count down after sync</P>
      <P Name="phaseActive">0</P>
      <P Name="synchronizationEnable">off</P>
      <P Name="dcaevt1Sync">off</P>
      <P Name="dcbevt1Sync">off</P>
      <P Name="synchronizationOption">Disable</P>
      <P Name="perSynchronizationOption">Counter equals to period (CTR=PRD)</P>
      <P Name="clockPrescale">1</P>
      <P Name="HSclockPrescale">1</P>
      <P Name="enswap">off</P>
      <P Name="ePWMxAStatus">on</P>
      <P Name="ePWMxAactionLogic1">Do nothing</P>
      <P Name="ePWMxAactionLogic2">Do nothing</P>
      <P Name="ePWMxAactionLogic3">Set</P>
      <P Name="ePWMxAactionLogic4">Clear</P>
      <P Name="ePWMxAactionLogic5">Do nothing</P>
      <P Name="ePWMxAactionLogic6">Do nothing</P>
      <P Name="ePWMxACSFenable">off</P>
      <P Name="ePWMxACSFvalue">Forcing disable</P>
      <P Name="ePWMxASFreload">Zero</P>
      <P Name="ePWMxBStatus">on</P>
      <P Name="ePWMxBactionLogic1">Do nothing</P>
      <P Name="ePWMxBactionLogic2">Do nothing</P>
      <P Name="ePWMxBactionLogic3">Clear</P>
      <P Name="ePWMxBactionLogic4">Set</P>
      <P Name="ePWMxBactionLogic5">Do nothing</P>
      <P Name="ePWMxBactionLogic6">Do nothing</P>
      <P Name="ePWMxBCSFenable">off</P>
      <P Name="ePWMxBCSFvalue">Forcing disable</P>
      <P Name="ePWMxBSFreload">Zero</P>
      <P Name="ePWNxBOutWay">off</P>
      <P Name="ePWMxLINKCMPA">Not Linked</P>
      <P Name="CMPAUnits">Percentages</P>
      <P Name="CMPASource">Input port</P>
      <P Name="CMPAValue_per">50</P>
      <P Name="CMPAValue_clk">50</P>
      <P Name="enCMPAshadow">Counter equals to zero (CTR=Zero)</P>
      <P Name="ePWMxLINKCMPB">Not Linked</P>
      <P Name="CMPBUnits">Clock cycles</P>
      <P Name="CMPBSource">Specify via dialog</P>
      <P Name="CMPBValue_per">50</P>
      <P Name="CMPBValue_clk">32000</P>
      <P Name="enCMPBshadow">Counter equals to zero (CTR=Zero)</P>
      <P Name="ePWMxLINKCMPC">Not Linked</P>
      <P Name="CMPCUnits">Clock cycles</P>
      <P Name="CMPCSource">Specify via dialog</P>
      <P Name="CMPCValue_per">50</P>
      <P Name="CMPCValue_clk">32000</P>
      <P Name="enCMPCshadow">Counter equals to zero (CTR=Zero)</P>
      <P Name="ePWMxLINKCMPD">Not Linked</P>
      <P Name="CMPDUnits">Clock cycles</P>
      <P Name="CMPDSource">Specify via dialog</P>
      <P Name="CMPDValue_per">50</P>
      <P Name="CMPDValue_clk">32000</P>
      <P Name="enCMPDshadow">Counter equals to zero (CTR=Zero)</P>
      <P Name="enableDBePWMxA">on</P>
      <P Name="enableDBePWMxB">on</P>
      <P Name="enhalfcycle">off</P>
      <P Name="DBpolarity">Active high complementary (AHC)</P>
      <P Name="DBedgeDelay">Positive</P>
      <P Name="DBSource_ePWMxA">ePWMxA</P>
      <P Name="DBSource_ePWMxB">ePWMxA</P>
      <P Name="DBPeriodUnits">Clock cycles</P>
      <P Name="DBperiodSource">Specify via dialog</P>
      <P Name="REDperiod">100</P>
      <P Name="FEDperiod">100</P>
      <P Name="REDperiod_sec">0</P>
      <P Name="FEDperiod_sec">0</P>
      <P Name="LoadModeDBRED">Immediate without using shadow</P>
      <P Name="LoadModeDBFED">Immediate without using shadow</P>
      <P Name="adcstartModuleA">off</P>
      <P Name="adcrequestEventA">First event</P>
      <P Name="adcstartEventA">Counter equals to zero (CTR=Zero)</P>
      <P Name="adcstartEventA_type2">Digital Compare Module A Event 1 start of conversion (DCAEVT1.soc)</P>
      <P Name="adcstartModuleB">off</P>
      <P Name="adcrequestEventB">First event</P>
      <P Name="adcstartEventB">Counter equals to zero (CTR=Zero)</P>
      <P Name="adcstartEventB_type2">Counter equals to zero (CTR=Zero)</P>
      <P Name="intEn">off</P>
      <P Name="intPrd">First event</P>
      <P Name="intSel">Counter equals to zero (CTR=Zero)</P>
      <P Name="intSel_type2">Counter equals to zero (CTR=Zero)</P>
      <P Name="hrpe">off</P>
      <P Name="enHRPWM">off</P>
      <P Name="HRPWM_LoadMode">Counter equals to period (CTR=PRD)</P>
      <P Name="HRPWM_CTLMode">Duty or Period control mode</P>
      <P Name="HRPWM_EDGMode">Both edge</P>
      <P Name="hrpeb">off</P>
      <P Name="enHRPWMB">off</P>
      <P Name="HRPWM_LoadModeB">Counter equals to zero (CTR=ZERO)</P>
      <P Name="HRPWM_CTLModeB">Duty or Period control mode</P>
      <P Name="HRPWM_EDGModeB">Both edge</P>
      <P Name="enHRDBRED">off</P>
      <P Name="enHRDBFED">off</P>
      <P Name="enSFO">on</P>
      <P Name="enautoconv">on</P>
      <P Name="chopperEnable">off</P>
      <P Name="chopperFrequency">1</P>
      <P Name="chopperFirstwidth">1</P>
      <P Name="chopperDuty">12.5%</P>
      <P Name="tripZonesource">Specify via dialog</P>
      <P Name="tzselOSHT1">off</P>
      <P Name="tzselOSHT2">off</P>
      <P Name="tzselOSHT3">off</P>
      <P Name="tzselOSHDCAEV1">off</P>
      <P Name="tzselOSHDCBEV1">off</P>
      <P Name="tzselCBC1">off</P>
      <P Name="tzselCBC2">off</P>
      <P Name="tzselCBC3">off</P>
      <P Name="tzselCBCDCAEV2">on</P>
      <P Name="tzselCBCDCBEV2">on</P>
      <P Name="tzselOSHT4">off</P>
      <P Name="tzselOSHT5">off</P>
      <P Name="tzselOSHT6">off</P>
      <P Name="tzselCBC4">off</P>
      <P Name="tzselCBC5">off</P>
      <P Name="tzselCBC6">off</P>
      <P Name="enTzOstIntr">off</P>
      <P Name="enTzCbcIntr">off</P>
      <P Name="enTzDCAEVT1Intr">off</P>
      <P Name="enTzDCAEVT2Intr">off</P>
      <P Name="enTzDCBEVT1Intr">off</P>
      <P Name="enTzDCBEVT2Intr">off</P>
      <P Name="ePWMxAforced">No action</P>
      <P Name="ePWMxBforced">No action</P>
      <P Name="DCAEVT1forced">High</P>
      <P Name="DCBEVT1forced">High</P>
      <P Name="DCAEVT2forced">Low</P>
      <P Name="DCBEVT2forced">Low</P>
      <P Name="dcah">Trip Zone 1 input (TZ1)</P>
      <P Name="dcal">Trip Zone 1 input (TZ1)</P>
      <P Name="dcbh">Trip Zone 1 input (TZ1)</P>
      <P Name="dcbl">Trip Zone 1 input (TZ1)</P>
      <P Name="dcah_type2">GPTRIP1SEL/(TZ1)</P>
      <P Name="dcal_type2">GPTRIP2SEL/(TZ2)</P>
      <P Name="dcbh_type2">GPTRIP1SEL/(TZ1)</P>
      <P Name="dcbl_type2">GPTRIP2SEL/(TZ2)</P>
      <P Name="gendcaevt1">Event disabled</P>
      <P Name="gendcaevt2">Event disabled</P>
      <P Name="gendcbevt1">Event disabled</P>
      <P Name="gendcbevt2">Event disabled</P>
      <P Name="dcaevt1src">DCAEVT1 with sync</P>
      <P Name="dcaevt2src">DCAEVT2 with sync</P>
      <P Name="dcbevt1src">DCBEVT1 with sync</P>
      <P Name="dcbevt2src">DCBEVT2 with sync</P>
      <P Name="pulsesel">Counter equals to zero (CTR=Zero)</P>
      <P Name="blankinv">off</P>
      <P Name="blankoffset">0</P>
      <P Name="blankwidth">0</P>
      <P Name="evsrcsel">Filtered version of DCAEVT1 (DCAEVT1FILT)</P>
      <P Name="encape">off</P>
    </InstanceData>
  </Block>
  <Block BlockType="Reference" Name="ePWM2" SID="265">
    <P Name="Ports">[1]</P>
    <P Name="Position">[1195, 705, 1305, 765]</P>
    <P Name="ZOrder">5113</P>
    <P Name="LibraryVersion">4.9</P>
    <P Name="UserDataPersistent">on</P>
    <P Name="SourceBlock">c2802xlib/ePWM</P>
    <P Name="SourceType">ePWM Type 1-4</P>
    <P Name="SourceProductBaseCode">TIC2000</P>
    <InstanceData>
      <P Name="MultithreadedSim">auto</P>
      <P Name="PwmType">C2000</P>
      <P Name="useModule">ePWM1</P>
      <P Name="ePWMxLINKTBPRD">Not Linked</P>
      <P Name="periodUnits">Seconds</P>
      <P Name="timerSource">Specify via dialog</P>
      <P Name="timerPeriod_clk">64000</P>
      <P Name="timerPeriod_sec">1/40e3</P>
      <P Name="tbshadow">Counter equals to zero</P>
      <P Name="countingMode">Up-Down</P>
      <P Name="phaseActiveEnable">Disable</P>
      <P Name="phaseDirection">Count down after sync</P>
      <P Name="phaseActive">0</P>
      <P Name="synchronizationEnable">off</P>
      <P Name="dcaevt1Sync">off</P>
      <P Name="dcbevt1Sync">off</P>
      <P Name="synchronizationOption">Disable</P>
      <P Name="perSynchronizationOption">Counter equals to period (CTR=PRD)</P>
      <P Name="clockPrescale">1</P>
      <P Name="HSclockPrescale">1</P>
      <P Name="enswap">off</P>
      <P Name="ePWMxAStatus">on</P>
      <P Name="ePWMxAactionLogic1">Do nothing</P>
      <P Name="ePWMxAactionLogic2">Do nothing</P>
      <P Name="ePWMxAactionLogic3">Set</P>
      <P Name="ePWMxAactionLogic4">Clear</P>
      <P Name="ePWMxAactionLogic5">Do nothing</P>
      <P Name="ePWMxAactionLogic6">Do nothing</P>
      <P Name="ePWMxACSFenable">off</P>
      <P Name="ePWMxACSFvalue">Forcing disable</P>
      <P Name="ePWMxASFreload">Zero</P>
      <P Name="ePWMxBStatus">on</P>
      <P Name="ePWMxBactionLogic1">Do nothing</P>
      <P Name="ePWMxBactionLogic2">Do nothing</P>
      <P Name="ePWMxBactionLogic3">Clear</P>
      <P Name="ePWMxBactionLogic4">Set</P>
      <P Name="ePWMxBactionLogic5">Do nothing</P>
      <P Name="ePWMxBactionLogic6">Do nothing</P>
      <P Name="ePWMxBCSFenable">off</P>
      <P Name="ePWMxBCSFvalue">Forcing disable</P>
      <P Name="ePWMxBSFreload">Zero</P>
      <P Name="ePWNxBOutWay">off</P>
      <P Name="ePWMxLINKCMPA">Not Linked</P>
      <P Name="CMPAUnits">Percentages</P>
      <P Name="CMPASource">Input port</P>
      <P Name="CMPAValue_per">50</P>
      <P Name="CMPAValue_clk">50</P>
      <P Name="enCMPAshadow">Counter equals to zero (CTR=Zero)</P>
      <P Name="ePWMxLINKCMPB">Not Linked</P>
      <P Name="CMPBUnits">Clock cycles</P>
      <P Name="CMPBSource">Specify via dialog</P>
      <P Name="CMPBValue_per">50</P>
      <P Name="CMPBValue_clk">32000</P>
      <P Name="enCMPBshadow">Counter equals to zero (CTR=Zero)</P>
      <P Name="ePWMxLINKCMPC">Not Linked</P>
      <P Name="CMPCUnits">Clock cycles</P>
      <P Name="CMPCSource">Specify via dialog</P>
      <P Name="CMPCValue_per">50</P>
      <P Name="CMPCValue_clk">32000</P>
      <P Name="enCMPCshadow">Counter equals to zero (CTR=Zero)</P>
      <P Name="ePWMxLINKCMPD">Not Linked</P>
      <P Name="CMPDUnits">Clock cycles</P>
      <P Name="CMPDSource">Specify via dialog</P>
      <P Name="CMPDValue_per">50</P>
      <P Name="CMPDValue_clk">32000</P>
      <P Name="enCMPDshadow">Counter equals to zero (CTR=Zero)</P>
      <P Name="enableDBePWMxA">on</P>
      <P Name="enableDBePWMxB">on</P>
      <P Name="enhalfcycle">off</P>
      <P Name="DBpolarity">Active high complementary (AHC)</P>
      <P Name="DBedgeDelay">Positive</P>
      <P Name="DBSource_ePWMxA">ePWMxA</P>
      <P Name="DBSource_ePWMxB">ePWMxA</P>
      <P Name="DBPeriodUnits">Clock cycles</P>
      <P Name="DBperiodSource">Specify via dialog</P>
      <P Name="REDperiod">100</P>
      <P Name="FEDperiod">100</P>
      <P Name="REDperiod_sec">0</P>
      <P Name="FEDperiod_sec">0</P>
      <P Name="LoadModeDBRED">Immediate without using shadow</P>
      <P Name="LoadModeDBFED">Immediate without using shadow</P>
      <P Name="adcstartModuleA">off</P>
      <P Name="adcrequestEventA">First event</P>
      <P Name="adcstartEventA">Counter equals to zero (CTR=Zero)</P>
      <P Name="adcstartEventA_type2">Digital Compare Module A Event 1 start of conversion (DCAEVT1.soc)</P>
      <P Name="adcstartModuleB">off</P>
      <P Name="adcrequestEventB">First event</P>
      <P Name="adcstartEventB">Counter equals to zero (CTR=Zero)</P>
      <P Name="adcstartEventB_type2">Counter equals to zero (CTR=Zero)</P>
      <P Name="intEn">off</P>
      <P Name="intPrd">First event</P>
      <P Name="intSel">Counter equals to zero (CTR=Zero)</P>
      <P Name="intSel_type2">Counter equals to zero (CTR=Zero)</P>
      <P Name="hrpe">off</P>
      <P Name="enHRPWM">off</P>
      <P Name="HRPWM_LoadMode">Counter equals to period (CTR=PRD)</P>
      <P Name="HRPWM_CTLMode">Duty or Period control mode</P>
      <P Name="HRPWM_EDGMode">Both edge</P>
      <P Name="hrpeb">off</P>
      <P Name="enHRPWMB">off</P>
      <P Name="HRPWM_LoadModeB">Counter equals to zero (CTR=ZERO)</P>
      <P Name="HRPWM_CTLModeB">Duty or Period control mode</P>
      <P Name="HRPWM_EDGModeB">Both edge</P>
      <P Name="enHRDBRED">off</P>
      <P Name="enHRDBFED">off</P>
      <P Name="enSFO">on</P>
      <P Name="enautoconv">on</P>
      <P Name="chopperEnable">off</P>
      <P Name="chopperFrequency">1</P>
      <P Name="chopperFirstwidth">1</P>
      <P Name="chopperDuty">12.5%</P>
      <P Name="tripZonesource">Specify via dialog</P>
      <P Name="tzselOSHT1">off</P>
      <P Name="tzselOSHT2">off</P>
      <P Name="tzselOSHT3">off</P>
      <P Name="tzselOSHDCAEV1">off</P>
      <P Name="tzselOSHDCBEV1">off</P>
      <P Name="tzselCBC1">off</P>
      <P Name="tzselCBC2">off</P>
      <P Name="tzselCBC3">off</P>
      <P Name="tzselCBCDCAEV2">on</P>
      <P Name="tzselCBCDCBEV2">on</P>
      <P Name="tzselOSHT4">off</P>
      <P Name="tzselOSHT5">off</P>
      <P Name="tzselOSHT6">off</P>
      <P Name="tzselCBC4">off</P>
      <P Name="tzselCBC5">off</P>
      <P Name="tzselCBC6">off</P>
      <P Name="enTzOstIntr">off</P>
      <P Name="enTzCbcIntr">off</P>
      <P Name="enTzDCAEVT1Intr">off</P>
      <P Name="enTzDCAEVT2Intr">off</P>
      <P Name="enTzDCBEVT1Intr">off</P>
      <P Name="enTzDCBEVT2Intr">off</P>
      <P Name="ePWMxAforced">No action</P>
      <P Name="ePWMxBforced">No action</P>
      <P Name="DCAEVT1forced">High</P>
      <P Name="DCBEVT1forced">High</P>
      <P Name="DCAEVT2forced">Low</P>
      <P Name="DCBEVT2forced">Low</P>
      <P Name="dcah">Trip Zone 1 input (TZ1)</P>
      <P Name="dcal">Trip Zone 1 input (TZ1)</P>
      <P Name="dcbh">Trip Zone 1 input (TZ1)</P>
      <P Name="dcbl">Trip Zone 1 input (TZ1)</P>
      <P Name="dcah_type2">GPTRIP1SEL/(TZ1)</P>
      <P Name="dcal_type2">GPTRIP2SEL/(TZ2)</P>
      <P Name="dcbh_type2">GPTRIP1SEL/(TZ1)</P>
      <P Name="dcbl_type2">GPTRIP2SEL/(TZ2)</P>
      <P Name="gendcaevt1">Event disabled</P>
      <P Name="gendcaevt2">Event disabled</P>
      <P Name="gendcbevt1">Event disabled</P>
      <P Name="gendcbevt2">Event disabled</P>
      <P Name="dcaevt1src">DCAEVT1 with sync</P>
      <P Name="dcaevt2src">DCAEVT2 with sync</P>
      <P Name="dcbevt1src">DCBEVT1 with sync</P>
      <P Name="dcbevt2src">DCBEVT2 with sync</P>
      <P Name="pulsesel">Counter equals to zero (CTR=Zero)</P>
      <P Name="blankinv">off</P>
      <P Name="blankoffset">0</P>
      <P Name="blankwidth">0</P>
      <P Name="evsrcsel">Filtered version of DCAEVT1 (DCAEVT1FILT)</P>
      <P Name="encape">off</P>
    </InstanceData>
  </Block>
  <Line>
    <P Name="ZOrder">243</P>
    <P Name="Src">143#out:1</P>
    <P Name="Points">[15, 0]</P>
    <P Name="Dst">170#in:2</P>
  </Line>
  <Line>
    <P Name="ZOrder">247</P>
    <P Name="Src">170#out:1</P>
    <P Name="Dst">153#in:1</P>
  </Line>
  <Line>
    <P Name="ZOrder">447</P>
    <P Name="Src">167#out:1</P>
    <P Name="Dst">260#in:1</P>
  </Line>
  <Line>
    <P Name="ZOrder">249</P>
    <P Name="Src">155#out:1</P>
    <P Name="Dst">152#in:1</P>
  </Line>
  <Line>
    <P Name="ZOrder">253</P>
    <P Name="Src">152#out:1</P>
    <P Name="Dst">170#in:1</P>
  </Line>
  <Line>
    <P Name="ZOrder">254</P>
    <P Name="Src">142#out:1</P>
    <P Name="Points">[15, 0]</P>
    <P Name="Dst">169#in:2</P>
  </Line>
  <Line>
    <P Name="ZOrder">257</P>
    <P Name="Src">169#out:1</P>
    <P Name="Dst">167#in:1</P>
  </Line>
  <Line>
    <P Name="ZOrder">242</P>
    <P Name="Src">153#out:1</P>
    <P Name="Dst">146#in:1</P>
  </Line>
  <Line>
    <P Name="ZOrder">451</P>
    <P Name="Src">261#out:1</P>
    <P Name="Dst">169#in:1</P>
  </Line>
  <Line>
    <P Name="ZOrder">429</P>
    <P Name="Src">244#out:1</P>
    <P Name="Dst">242#in:1</P>
  </Line>
  <Line>
    <P Name="ZOrder">430</P>
    <P Name="Src">243#out:1</P>
    <P Name="Dst">246#in:1</P>
  </Line>
  <Line>
    <P Name="ZOrder">431</P>
    <P Name="Src">245#out:1</P>
    <P Name="Dst">243#in:1</P>
  </Line>
  <Line>
    <P Name="ZOrder">432</P>
    <P Name="Src">246#out:1</P>
    <P Name="Dst">244#in:1</P>
  </Line>
  <Line>
    <P Name="ZOrder">433</P>
    <P Name="Src">241#out:1</P>
    <P Name="Points">[15, 0]</P>
    <P Name="Dst">246#in:2</P>
  </Line>
  <Line>
    <P Name="ZOrder">434</P>
    <P Name="Src">249#out:1</P>
    <P Name="Dst">248#in:1</P>
  </Line>
  <Line>
    <P Name="ZOrder">435</P>
    <P Name="Src">248#out:1</P>
    <P Name="Dst">251#in:1</P>
  </Line>
  <Line>
    <P Name="ZOrder">436</P>
    <P Name="Src">251#out:1</P>
    <P Name="Points">[35, 0]</P>
    <Branch>
      <P Name="ZOrder">452</P>
      <P Name="Dst">265#in:1</P>
    </Branch>
    <Branch>
      <P Name="ZOrder">440</P>
      <P Name="Points">[0, 90]</P>
      <P Name="Dst">253#in:1</P>
    </Branch>
  </Line>
  <Line>
    <P Name="ZOrder">437</P>
    <P Name="Src">253#out:1</P>
    <P Name="Dst">252#in:1</P>
  </Line>
  <Line>
    <P Name="ZOrder">441</P>
    <P Name="Src">254#out:1</P>
    <P Name="Dst">255#in:1</P>
  </Line>
  <Line>
    <P Name="ZOrder">442</P>
    <P Name="Src">255#out:1</P>
    <P Name="Dst">256#in:1</P>
  </Line>
  <Line>
    <P Name="ZOrder">443</P>
    <P Name="Src">258#out:1</P>
    <P Name="Dst">257#in:1</P>
  </Line>
  <Line>
    <P Name="ZOrder">444</P>
    <P Name="Src">259#out:1</P>
    <P Name="Dst">258#in:1</P>
  </Line>
  <Line>
    <P Name="ZOrder">448</P>
    <P Name="Src">262#out:1</P>
    <P Name="Dst">261#in:1</P>
  </Line>
  <Annotation SID="270">
    <P Name="Position">[-107, 719, 532, 946]</P>
    <P Name="InternalMargins">[0, 0, 0, 0]</P>
    <P Name="FixedHeight">on</P>
    <P Name="FixedWidth">on</P>
    <P Name="ForegroundColor">[0.901961, 0.901961, 1.000000]</P>
    <P Name="BackgroundColor">[0.901961, 0.901961, 1.000000]</P>
    <P Name="DropShadow">on</P>
    <P Name="AnnotationType">area_annotation</P>
    <P Name="ZOrder">1040</P>
    <P Name="FontSize">12</P>
  </Annotation>
  <Annotation SID="269">
    <P Name="Position">[-105, 445, 532, 697]</P>
    <P Name="InternalMargins">[0, 0, 0, 0]</P>
    <P Name="FixedHeight">on</P>
    <P Name="FixedWidth">on</P>
    <P Name="ForegroundColor">[0.901961, 0.901961, 1.000000]</P>
    <P Name="BackgroundColor">[0.901961, 0.901961, 1.000000]</P>
    <P Name="DropShadow">on</P>
    <P Name="AnnotationType">area_annotation</P>
    <P Name="ZOrder">1037</P>
    <P Name="FontSize">12</P>
  </Annotation>
  <Annotation SID="267">
    <P Name="Position">[664, 458, 1335, 621]</P>
    <P Name="InternalMargins">[0, 0, 0, 0]</P>
    <P Name="FixedWidth">on</P>
    <P Name="ForegroundColor">[0.901961, 0.901961, 1.000000]</P>
    <P Name="BackgroundColor">[0.901961, 0.901961, 1.000000]</P>
    <P Name="DropShadow">on</P>
    <P Name="AnnotationType">area_annotation</P>
    <P Name="ZOrder">1038</P>
    <P Name="FontSize">12</P>
  </Annotation>
  <Annotation SID="266">
    <P Name="Position">[670, 644, 1338, 908]</P>
    <P Name="InternalMargins">[0, 0, 0, 0]</P>
    <P Name="FixedHeight">on</P>
    <P Name="FixedWidth">on</P>
    <P Name="ForegroundColor">[0.901961, 0.901961, 1.000000]</P>
    <P Name="BackgroundColor">[0.901961, 0.901961, 1.000000]</P>
    <P Name="DropShadow">on</P>
    <P Name="AnnotationType">area_annotation</P>
    <P Name="ZOrder">1039</P>
    <P Name="FontSize">12</P>
  </Annotation>
  <Annotation SID="175">
    <P Name="Name">&lt;!DOCTYPE HTML PUBLIC &quot;-//W3C//DTD HTML 4.0//EN&quot; &quot;http://www.w3.org/TR/REC-html40/strict.dtd&quot;&gt;
&lt;html&gt;&lt;head&gt;&lt;meta name=&quot;qrichtext&quot; content=&quot;1&quot; /&gt;&lt;style type=&quot;text/css&quot;&gt;
p, li { white-space: pre-wrap; }
&lt;/style&gt;&lt;/head&gt;&lt;body align=&quot;left&quot; style=&quot; font-family:&apos;Helvetica&apos;; font-size:10px; font-weight:400; font-style:normal;&quot;&gt;
&lt;p align=&quot;center&quot; style=&quot; margin-top:0px; margin-bottom:0px; margin-left:0px; margin-right:0px; -qt-block-indent:0; text-indent:0px;&quot;&gt;&lt;span style=&quot; font-size:18px; font-weight:600;&quot;&gt;BOOST CONTROL&lt;/span&gt;&lt;/p&gt;&lt;/body&gt;&lt;/html&gt;</P>
    <P Name="Position">[484, 338, 660, 362]</P>
    <P Name="InternalMargins">[0, 0, 0, 0]</P>
    <P Name="FixedHeight">on</P>
    <P Name="FixedWidth">on</P>
    <P Name="Interpreter">rich</P>
    <P Name="ZOrder">-7</P>
  </Annotation>
  <Annotation SID="176">
    <P Name="Position">[-133, 321, 1350, 986]</P>
    <P Name="InternalMargins">[0, 0, 0, 0]</P>
    <P Name="FixedHeight">on</P>
    <P Name="FixedWidth">on</P>
    <P Name="ForegroundColor">[0.901961, 0.901961, 1.000000]</P>
    <P Name="BackgroundColor">[0.901961, 0.901961, 1.000000]</P>
    <P Name="DropShadow">on</P>
    <P Name="AnnotationType">area_annotation</P>
    <P Name="ZOrder">1036</P>
    <P Name="FontSize">12</P>
  </Annotation>
  <Annotation SID="268">
    <P Name="Name">&lt;!DOCTYPE HTML PUBLIC &quot;-//W3C//DTD HTML 4.0//EN&quot; &quot;http://www.w3.org/TR/REC-html40/strict.dtd&quot;&gt;
&lt;html&gt;&lt;head&gt;&lt;meta name=&quot;qrichtext&quot; content=&quot;1&quot; /&gt;&lt;style type=&quot;text/css&quot;&gt;
p, li { white-space: pre-wrap; }
&lt;/style&gt;&lt;/head&gt;&lt;body align=&quot;left&quot; style=&quot; font-family:&apos;Helvetica&apos;; font-size:10px; font-weight:400; font-style:normal;&quot;&gt;
&lt;p align=&quot;center&quot; style=&quot; margin-top:0px; margin-bottom:0px; margin-left:0px; margin-right:0px; -qt-block-indent:0; text-indent:0px;&quot;&gt;&lt;span style=&quot; font-size:14px; font-weight:600;&quot;&gt;CLOSED LOOP&lt;/span&gt;&lt;/p&gt;&lt;/body&gt;&lt;/html&gt;</P>
    <P Name="Position">[952, 461, 1058, 485]</P>
    <P Name="InternalMargins">[0, 0, 0, 0]</P>
    <P Name="FixedHeight">on</P>
    <P Name="FixedWidth">on</P>
    <P Name="Interpreter">rich</P>
    <P Name="ZOrder">-1</P>
  </Annotation>
</System>
