<?xml version="1.0" encoding="UTF-8" standalone="yes" ?>
<cp:coreProperties xmlns:cp="http://schemas.openxmlformats.org/package/2006/metadata/core-properties" xmlns:dc="http://purl.org/dc/elements/1.1/" xmlns:dcmitype="http://purl.org/dc/dcmitype/" xmlns:dcterms="http://purl.org/dc/terms/" xmlns:xsi="http://www.w3.org/2001/XMLSchema-instance">
  <cp:category>model</cp:category>
  <dcterms:created xsi:type="dcterms:W3CDTF">2023-02-08T06:25:59Z</dcterms:created>
  <dc:creator>yadhu</dc:creator>
  <cp:lastModifiedBy>yadhu</cp:lastModifiedBy>
  <dcterms:modified xsi:type="dcterms:W3CDTF">2024-01-10T07:07:25Z</dcterms:modified>
  <cp:revision>1.46</cp:revision>
  <cp:version>R2022a</cp:version>
</cp:coreProperties>
